{
  "_fv": 60,
  "_type": "recipe",
  "definition": {
    "recipeType": "Brewing",
    "recipeRetstackSize": 1,
    "group": "",
    "cookingBookCategory": "MISC",
    "xpReward": 0.0,
    "cookingTime": 200,
    "craftingBookCategory": "MISC",
    "recipeShapeless": false,
    "brewingInputStack": {
      "value": "POTION:HARMING"
    },
    "brewingIngredientStack": {
      "value": "CUSTOM:Grimstone"
    },
    "brewingReturnStack": {
      "value": "POTION:CUSTOM:Girmpotion"
    },
    "name": "e",
    "namespace": "mod"
  }
}