{
  "_fv": 60,
  "_type": "tool",
  "definition": {
    "toolType": "Pickaxe",
    "renderType": 0,
    "blockingRenderType": 0,
    "texture": "girmpik",
    "customModelName": "Normal",
    "blockingModelName": "Normal blocking",
    "name": "Girmpik",
    "specialInformation": {
      "fixedValue": []
    },
    "creativeTab": {
      "value": "TOOLS"
    },
    "harvestLevel": 1,
    "efficiency": 4.0,
    "attackSpeed": 0.9,
    "enchantability": 2,
    "damageVsEntity": 4.0,
    "usageCount": 119,
    "blocksAffected": [],
    "glowCondition": {
      "fixedValue": false
    },
    "repairItems": [],
    "immuneToFire": false,
    "stayInGridWhenCrafting": false,
    "damageOnCrafting": false
  }
}