{
  "_fv": 60,
  "_type": "armor",
  "definition": {
    "enableHelmet": true,
    "textureHelmet": "girmarmor_head",
    "enableBody": true,
    "textureBody": "girmarmor_body",
    "enableLeggings": true,
    "textureLeggings": "girmarmor_leggings",
    "enableBoots": true,
    "textureBoots": "girmarmor_boots",
    "creativeTab": {
      "value": "COMBAT"
    },
    "armorTextureFile": "girmarmor",
    "helmetName": "Girmarmor Helmet",
    "bodyName": "Girmarmor Chestplate",
    "leggingsName": "Girmarmor Leggings",
    "bootsName": "Girmarmor Boots",
    "helmetSpecialInformation": {
      "fixedValue": []
    },
    "bodySpecialInformation": {
      "fixedValue": []
    },
    "leggingsSpecialInformation": {
      "fixedValue": []
    },
    "bootsSpecialInformation": {
      "fixedValue": []
    },
    "helmetModelName": "Default",
    "helmetModelPart": "Helmet",
    "helmetModelTexture": "From armor",
    "bodyModelName": "Default",
    "bodyModelPart": "Body",
    "armsModelPartL": "Arms L",
    "armsModelPartR": "Arms R",
    "bodyModelTexture": "From armor",
    "leggingsModelName": "Default",
    "leggingsModelPartL": "Leggings L",
    "leggingsModelPartR": "Leggings R",
    "leggingsModelTexture": "From armor",
    "bootsModelName": "Default",
    "bootsModelPartL": "Boots L",
    "bootsModelPartR": "Boots R",
    "bootsModelTexture": "From armor",
    "helmetItemRenderType": 0,
    "helmetItemCustomModelName": "Normal",
    "bodyItemRenderType": 0,
    "bodyItemCustomModelName": "Normal",
    "leggingsItemRenderType": 0,
    "leggingsItemCustomModelName": "Normal",
    "bootsItemRenderType": 0,
    "bootsItemCustomModelName": "Normal",
    "helmetImmuneToFire": false,
    "bodyImmuneToFire": false,
    "leggingsImmuneToFire": false,
    "bootsImmuneToFire": false,
    "helmetPiglinNeutral": {
      "fixedValue": false
    },
    "bodyPiglinNeutral": {
      "fixedValue": false
    },
    "leggingsPiglinNeutral": {
      "fixedValue": false
    },
    "bootsPiglinNeutral": {
      "fixedValue": false
    },
    "maxDamage": 15,
    "damageValueHelmet": 7,
    "damageValueBody": 14,
    "damageValueLeggings": 14,
    "damageValueBoots": 7,
    "enchantability": 10,
    "toughness": 10.0,
    "knockbackResistance": 5.0,
    "equipSound": {
      "value": "ambient.crimson_forest.loop"
    },
    "repairItems": [
      {
        "value": "CUSTOM:Girmingot"
      }
    ]
  }
}