{
  "_fv": 60,
  "_type": "tool",
  "definition": {
    "toolType": "MultiTool",
    "renderType": 0,
    "blockingRenderType": 0,
    "texture": "girmarmor_body",
    "customModelName": "Normal",
    "blockingModelName": "Normal blocking",
    "name": "Girmtool",
    "specialInformation": {
      "fixedValue": []
    },
    "creativeTab": {
      "value": "TOOLS"
    },
    "harvestLevel": 14,
    "efficiency": 14.0,
    "attackSpeed": 14.0,
    "enchantability": 14,
    "damageVsEntity": 14.0,
    "usageCount": 114,
    "blocksAffected": [],
    "glowCondition": {
      "fixedValue": false
    },
    "repairItems": [],
    "immuneToFire": false,
    "stayInGridWhenCrafting": false,
    "damageOnCrafting": false
  }
}