{
  "_fv": 60,
  "_type": "tool",
  "definition": {
    "toolType": "Sword",
    "renderType": 0,
    "blockingRenderType": 0,
    "texture": "grimsword",
    "customModelName": "Normal",
    "blockingModelName": "Normal blocking",
    "name": "Girmsword",
    "specialInformation": {
      "fixedValue": []
    },
    "creativeTab": {
      "value": "COMBAT"
    },
    "harvestLevel": 11,
    "efficiency": 6.5,
    "attackSpeed": 1.4,
    "enchantability": 8,
    "damageVsEntity": 9.1,
    "usageCount": 149,
    "blocksAffected": [],
    "glowCondition": {
      "fixedValue": false
    },
    "repairItems": [],
    "immuneToFire": false,
    "stayInGridWhenCrafting": false,
    "damageOnCrafting": false
  }
}