{
  "_fv": 60,
  "_type": "dimension",
  "definition": {
    "biomesInDimension": [
      {
        "value": "void"
      }
    ],
    "worldGenType": "Nether like gen",
    "mainFillerBlock": {
      "value": "Blocks.CONCRETE#14"
    },
    "fluidBlock": {
      "value": "Blocks.FLOWING_LAVA"
    },
    "airColor": {
      "value": -65536,
      "falpha": 0.0
    },
    "canRespawnHere": true,
    "hasFog": false,
    "isDark": true,
    "doesWaterVaporize": false,
    "sleepResult": "ALLOW",
    "hasSkyLight": true,
    "imitateOverworldBehaviour": true,
    "portalFrame": {
      "value": "CUSTOM:Girmplanks"
    },
    "portalParticles": {
      "value": "PORTAL"
    },
    "portalLuminance": 1,
    "portalSound": {
      "value": "ambient.crimson_forest.mood"
    },
    "enableIgniter": true,
    "igniterName": "Underworld Portal Igniter",
    "igniterRarity": "COMMON",
    "specialInformation": {
      "fixedValue": []
    },
    "igniterTab": {
      "value": "MATERIALS"
    },
    "texture": "girmimgot",
    "portalTexture": "girmplanks",
    "enablePortal": true
  }
}